customers,dynamism,strategy,metric,mean,sd,se,ci95_low,ci95_high,n
50,0.1,greedy_insertion,total_distance,1195.7381281682196,56.752983960029525,25.380706012116242,1145.9919443844717,1245.4843119519676,5
50,0.1,greedy_insertion,mean_response_time_ms,0.8372224000049755,0.04838567207854954,0.02163873038093006,0.7948104884583526,0.8796343115515984,5
50,0.1,greedy_insertion,route_disruption,100.0,0.0,0.0,100.0,100.0,5
50,0.1,greedy_insertion,compute_time_s,0.050909159998991524,0.003399749257570453,0.0015204140892763948,0.04792914838400979,0.05388917161397326,5
50,0.1,greedy_insertion,evaluations,659.0,28.50438562747845,12.74754878398196,634.0148043833954,683.9851956166046,5
50,0.1,insertion_2opt_star,total_distance,969.209344309476,61.39703665648754,27.45758951619051,915.3924688577426,1023.0262197612094,5
50,0.1,insertion_2opt_star,mean_response_time_ms,3.929005599406082,0.2877946320500405,0.12870567216468604,3.6767424819632977,4.181268716848867,5
50,0.1,insertion_2opt_star,route_disruption,523.4,128.93331609789612,57.66073187187273,410.3849655311294,636.4150344688705,5
50,0.1,insertion_2opt_star,compute_time_s,0.2064820600033272,0.01417886437860138,0.0063409809188606,0.19405373740236043,0.21891038260429396,5
50,0.1,insertion_2opt_star,evaluations,12817.0,431.1241120605527,192.80456426132653,12439.1030540478,13194.8969459522,5
50,0.1,tabu_search,total_distance,397.6924653468804,45.57788332362792,20.383049076437214,357.74168915706343,437.64324153669736,5
50,0.1,tabu_search,mean_response_time_ms,0.9836491998867132,0.08496768611704132,0.03799870440971391,0.9091717392436739,1.0581266605297523,5
50,0.1,tabu_search,route_disruption,26.0,0.0,0.0,26.0,26.0,5
50,0.1,tabu_search,compute_time_s,0.05721500000217929,0.004986266785299622,0.0022299262971758604,0.05284434445971461,0.06158565554464398,5
50,0.1,tabu_search,evaluations,500.0,0.0,0.0,500.0,500.0,5
50,0.2,greedy_insertion,total_distance,1206.3767834119913,46.99290584577718,21.015866386281004,1165.1856852948804,1247.5678815291021,5
50,0.2,greedy_insertion,mean_response_time_ms,0.8197200003778562,0.11679303208940302,0.05223143181004389,0.7173463940301702,0.9220936067255422,5
50,0.2,greedy_insertion,route_disruption,100.0,0.0,0.0,100.0,100.0,5
50,0.2,greedy_insertion,compute_time_s,0.05035965999995824,0.007293363820441376,0.0032616914574288974,0.0439667447433976,0.05675257525651888,5
50,0.2,greedy_insertion,evaluations,666.6,44.96998999332777,20.11119091451324,627.1820658075541,706.017934192446,5
50,0.2,insertion_2opt_star,total_distance,1018.0541379016682,38.22854709737205,17.096325998155233,984.545338945284,1051.5629368580526,5
50,0.2,insertion_2opt_star,mean_response_time_ms,3.9819732001051307,0.3448123658791942,0.15420477791768145,3.679731835386475,4.284214564823786,5
50,0.2,insertion_2opt_star,route_disruption,624.6,92.26483620534965,41.26208913760911,543.7263052902862,705.4736947097139,5
50,0.2,insertion_2opt_star,compute_time_s,0.21000646000320558,0.019098294845304273,0.008541017105686836,0.19326606647605937,0.2267468535303518,5
50,0.2,insertion_2opt_star,evaluations,12598.4,515.0653356614091,230.34422067853146,12146.925327470079,13049.87467252992,5
50,0.2,tabu_search,total_distance,376.68597114137697,45.65772924912203,20.418757259863455,336.6652069120446,416.70673537070934,5
50,0.2,tabu_search,mean_response_time_ms,0.9607436003279872,0.0498825597260456,0.022308158887826248,0.9170196089078477,1.0044675917481267,5
50,0.2,tabu_search,route_disruption,26.0,0.0,0.0,26.0,26.0,5
50,0.2,tabu_search,compute_time_s,0.05625321999541484,0.003357453292964306,0.0015014987588697407,0.05331028242803015,0.059196157562799535,5
50,0.2,tabu_search,evaluations,500.0,0.0,0.0,500.0,500.0,5
50,0.4,greedy_insertion,total_distance,1185.0653832212952,65.76080504781072,29.409126068403214,1127.4234961272248,1242.7072703153656,5
50,0.4,greedy_insertion,mean_response_time_ms,0.7991980004007928,0.010123374894208,0.0045273108850327655,0.7903244710661286,0.808071529735457,5
50,0.4,greedy_insertion,route_disruption,100.0,0.0,0.0,100.0,100.0,5
50,0.4,greedy_insertion,compute_time_s,0.0502310200012289,0.0013968392913296067,0.0006246855218111266,0.049006636378479095,0.051455403623978706,5
50,0.4,greedy_insertion,evaluations,690.8,24.933912649241393,11.150784725749125,668.9444619375316,712.6555380624683,5
50,0.4,insertion_2opt_star,total_distance,953.7077722414284,54.65831058022572,24.443939598536133,905.7976506282976,1001.6178938545593,5
50,0.4,insertion_2opt_star,mean_response_time_ms,4.286766399862245,0.7027934315472731,0.3142987774160096,3.670740796126866,4.902792003597623,5
50,0.4,insertion_2opt_star,route_disruption,414.4,113.75983473968306,50.87494471741468,314.68510835386724,514.1148916461327,5
50,0.4,insertion_2opt_star,compute_time_s,0.22563249999948312,0.03578960551064596,0.016005598161941085,0.1942615276020786,0.25700347239688764,5
50,0.4,insertion_2opt_star,evaluations,13071.6,254.38415831179427,113.76405407684801,12848.622454009379,13294.577545990622,5
50,0.4,tabu_search,total_distance,361.17831839351066,49.246747372665624,22.0238149592079,318.0116410734632,404.34499571355815,5
50,0.4,tabu_search,mean_response_time_ms,0.9674443996627815,0.06142549849194391,0.02747031803595948,0.9136025763123009,1.021286223013262,5
50,0.4,tabu_search,route_disruption,26.0,0.0,0.0,26.0,26.0,5
50,0.4,tabu_search,compute_time_s,0.05731363999948371,0.004634753885066176,0.0020727249491978433,0.05325109909905594,0.06137618089991148,5
50,0.4,tabu_search,evaluations,500.0,0.0,0.0,500.0,500.0,5
50,0.6,greedy_insertion,total_distance,1189.0125085358811,54.71388388606168,24.468792736452855,1141.0536747724336,1236.9713422993286,5
50,0.6,greedy_insertion,mean_response_time_ms,0.8577324005309492,0.10087883157297034,0.045114384977582744,0.769308205974887,0.9461565950870114,5
50,0.6,greedy_insertion,route_disruption,100.0,0.0,0.0,100.0,100.0,5
50,0.6,greedy_insertion,compute_time_s,0.0543232199997874,0.006832092800142483,0.0030554047859410955,0.04833462661934285,0.06031181338023194,5
50,0.6,greedy_insertion,evaluations,677.0,44.25494322671762,19.791412279066897,638.2088319330289,715.7911680669711,5
50,0.6,insertion_2opt_star,total_distance,1062.6640481012828,54.48198327998771,24.365083632611896,1014.9084841813635,1110.419612021202,5
50,0.6,insertion_2opt_star,mean_response_time_ms,3.7984763990389183,0.3931121722356141,0.17580510798028773,3.4538983873975546,4.143054410680282,5
50,0.6,insertion_2opt_star,route_disruption,565.0,112.9446767227212,50.51039496974855,465.99962585929285,664.0003741407072,5
50,0.6,insertion_2opt_star,compute_time_s,0.20002920000697486,0.020564917946353196,0.009196910895950223,0.1820032546509124,0.2180551453630373,5
50,0.6,insertion_2opt_star,evaluations,12657.6,505.95187518182007,226.2685572500077,12214.113627789986,13101.086372210015,5
50,0.6,tabu_search,total_distance,361.9802877846363,34.90636170597389,15.61059952435063,331.3835127169091,392.5770628523635,5
50,0.6,tabu_search,mean_response_time_ms,0.9722552000894211,0.09921523333863899,0.044370401229740036,0.8852892136791306,1.0592211864997116,5
50,0.6,tabu_search,route_disruption,26.0,0.0,0.0,26.0,26.0,5
50,0.6,tabu_search,compute_time_s,0.058541099994909016,0.009623279911111938,0.004303661609550885,0.05010592324018928,0.06697627674962875,5
50,0.6,tabu_search,evaluations,500.0,0.0,0.0,500.0,500.0,5
50,0.8,greedy_insertion,total_distance,1215.1459590178579,82.50004833194843,36.89514324345097,1142.831478260694,1287.4604397750218,5
50,0.8,greedy_insertion,mean_response_time_ms,0.8620439997757785,0.048884649171419076,0.021861879720704365,0.819194715523198,0.904893284028359,5
50,0.8,greedy_insertion,route_disruption,100.0,0.0,0.0,100.0,100.0,5
50,0.8,greedy_insertion,compute_time_s,0.05319146000256296,0.0036405086977079346,0.0016280849841508347,0.05000041343362732,0.0563825065714986,5
50,0.8,greedy_insertion,evaluations,642.8,58.027579649680376,25.95072253329375,591.9365838347442,693.6634161652557,5
50,0.8,insertion_2opt_star,total_distance,1046.021628932532,77.10822974876217,34.48384866858075,978.4332855421137,1113.6099723229502,5
50,0.8,insertion_2opt_star,mean_response_time_ms,4.069404800247867,0.26551850622142065,0.11874348583905947,3.83666756800331,4.302142032492423,5
50,0.8,insertion_2opt_star,route_disruption,584.8,181.4736895530589,81.15750119366662,425.73129766041336,743.8687023395865,5
50,0.8,insertion_2opt_star,compute_time_s,0.2139707599999383,0.012975237203349956,0.005802702482174953,0.2025974631348754,0.22534405686500122,5
50,0.8,insertion_2opt_star,evaluations,12843.6,587.3872657795706,262.68757108017115,12328.732360682865,13358.467639317136,5
50,0.8,tabu_search,total_distance,379.41796742880103,37.07115427847082,16.578724194208583,346.9236680081522,411.91226684944985,5
50,0.8,tabu_search,mean_response_time_ms,0.9952071999432519,0.08551157046413367,0.038241936884113224,0.92025300365039,1.0701613962361138,5
50,0.8,tabu_search,route_disruption,26.0,0.0,0.0,26.0,26.0,5
50,0.8,tabu_search,compute_time_s,0.057985700003337116,0.005066274496114401,0.002265706833197059,0.05354491461027088,0.06242648539640335,5
50,0.8,tabu_search,evaluations,500.0,0.0,0.0,500.0,500.0,5
